{
	"platform": "pc",
    "atlas":
    {
		"pc": {
			"width": 2048,
			"height": 2048,
			"tileSize": 256,
			"tileCount": 6,

			"sliceSize": 512,

			"borderSize": 42
		},
		"ios": {
			"width": 2048,
			"height": 2048,
			"tileSize": 256,
			"tileCount": 6,

			"borderSize": 42
		},
		"android": {
			"width": 2048,
			"height": 2048,
			"tileSize": 256,
			"tileCount": 6,

			"borderSize": 42
		},
        "durango": {
            "width": 32,
            "height": 32,
            "tileSize": 4,
            "tileCount": 6,

			"sliceSize": 512,

            "borderSize": 42
        }
	},
	"materials":[
		{
			"name":"Air"}
		,
		{
			"name":"Water",
			"water":0.5}
		,
		{
			"name":"Grass",
			"base_color":[
				106,
				127,
				63]
			,
			"texture_top":{
				"tiling":0.25,
				"detiling_legacy":0.25,
				"detiling":4,
				"rotation":1,
				"blend":{
					"min":0.0829,
					"max":1,
					"scale":0.435}
				}
			,
			"texture_side":{
				"tiling":0.2,
				"detiling_legacy":0.2,
				"detiling":5,
				"blend":{
					"min":0.067,
					"max":0.933,
					"scale":0.1998}
				}
			,
			"texture_bottom":{
				"tiling":0.45,
				"detiling_legacy":0.45,
				"detiling":2.2219,
				"blend":{
					"min":0.05,
					"max":1.3329,
					"scale":0.5399}
				}
			}
		,
		{
			"name":"Slate",
			"base_color":[
				63,
				127,
				107]
			,
			"shift":0.1,
			"texture":{
				"tiling":0.55,
				"detiling_legacy":0.55,
				"detiling":1.818,
				"blend":{
					"min":0.25,
					"max":1,
					"scale":0.12}
				}
			,
			"blend":{
				"min":0,
				"max":1,
				"scale":0.1,
				"blend":{
					"min":0,
					"max":1,
					"scale":0.1}
				}
			}
		,
		{
			"name":"Concrete",
			"base_color":[
				127,
				102,
				63]
			,
			"quantize":0.5,
			"type":"hard",
			"texture_top":{
				"tiling":0.5,
				"detiling_legacy":0.8,
				"detiling":1.25,
				"blend":{
					"min":-0.05,
					"max":1,
					"scale":0.0552}
				}
			,
			"texture_side":{
				"tiling":0.4,
				"detiling_legacy":0.4,
				"detiling":2.5,
				"blend":{
					"min":-0.05,
					"max":0.9498,
					"scale":0.1602}
				}
			}
		,
		{
			"name":"Brick",
			"base_color":[
				138,
				86,
				62]
			,
			"cubify":1,
			"type":"hard",
			"mapping":"cube",
			"texture":{
				"tiling":0.8,
				"detiling_legacy":0.2,
				"detiling":5,
				"blend":{
					"min":0.1668,
					"max":0.767,
					"scale":0.1397}
				}
			}
		,
		{
			"name":"Sand",
			"base_color":[
				143,
				126,
				95]
			,
			"texture_top":{
				"tiling":0.25,
				"detiling_legacy":0.25,
				"detiling":4,
				"blend":{
					"min":0.017,
					"max":1.0499,
					"scale":0.3552}
				}
			,
			"texture_side":{
				"tiling":0.25,
				"detiling_legacy":0.55,
				"detiling":1.818,
				"blend":{
					"min":0.1668,
					"max":0.9829,
					"scale":0.3947}
				}
			}
		,
		{
			"name":"WoodPlanks",
			"base_color":[
				139,
				109,
				79]
			,
			"cubify":1,
			"type":"hard",
			"mapping":"cube",
			"texture":{
				"tiling":0.8,
				"detiling_legacy":0.5,
				"detiling":2,
				"blend":{
					"min":0.15,
					"max":0.883,
					"scale":9.9999e-05}
				}
			}
		,
		{
			"name":"Rock",
			"base_color":[
				102,
				108,
				111]
			,
			"shift":0.2998,
			"type":"hardsoft",
			"texture":{
				"tiling":0.55,
				"detiling_legacy":0.55,
				"detiling":1.818,
				"rotation":0.5,
				"blend":{
					"min":0.05,
					"max":0.4,
					"scale":0.0798}
				}
			}
		,
		{
			"name":"Glacier",
			"base_color":[
				101,
				176,
				234]
			,
			"texture_top":{
				"tiling":0.23,
				"detiling_legacy":0.55,
				"detiling":1.818,
				"blend":{
					"min":0.2669,
					"max":0.967,
					"scale":0.3552}
				}
			,
			"texture_side":{
				"tiling":0.2,
				"detiling_legacy":0.9,
				"detiling":1.1108,
				"blend":{
					"min":0.1168,
					"max":0.833,
					"scale":0.165}
				}
			,
			"texture_bottom":{
				"tiling":0.23,
				"detiling_legacy":0.5997,
				"detiling":1.6653,
				"blend":{
					"min":0.4499,
					"max":1.1,
					"scale":0.3197}
				}
			}
		,
		{
			"name":"Snow",
			"base_color":[
				195,
				199,
				218]
			,
			"texture":{
				"tiling":0.2998,
				"detiling_legacy":0.2998,
				"detiling":3.33555703802,
				"blend":{
					"min":-0.067,
					"max":0.8999,
					"scale":0.4649}
				}
			}
		,
		{
			"name":"Sandstone",
			"base_color":[
				137,
				90,
				71]
			,
			"texture_top":{
				"tiling":0.5,
				"detiling_legacy":0.6995,
				"detiling":1.429592,
				"rotation":0.5,
				"blend":{
					"min":0.067,
					"max":1.2,
					"scale":0.2849}
				}
			,
			"texture_side":{
				"tiling":0.2998,
				"detiling_legacy":0.5,
				"detiling":2,
				"blend":{
					"min":0.05,
					"max":0.6169,
					"scale":0.225}
				}
			,
			"texture_bottom":{
				"tiling":0.45,
				"detiling_legacy":0.45,
				"detiling":3.333,
				"blend":{
					"min":-0.0829,
					"max":1.1,
					"scale":0.4199}
				}
			}
		,
		{
			"name":"Mud",
			"base_color":[
				58,
				46,
				36]
			,
			"texture":{
				"tiling":0.2998,
				"detiling_legacy":0.1,
				"detiling":10,
				"blend":{
					"min":0.1668,
					"max":0.933,
					"scale":0.3149}
				}
			}
		,
		{
			"name":"Basalt",
			"base_color":[
				30,
				30,
				37]
			,
			"shift":0.2,
			"type":"hardsoft",
			"texture":{
				"tiling":0.55,
				"detiling_legacy":0.55,
				"detiling":1.818,
				"blend":{
					"min":0.1,
					"max":1.0326,
					"scale":0.0402}
				}
			}
		,
		{
			"name":"Ground",
			"base_color":[
				102,
				92,
				59]
			,
			"texture":{
				"tiling":0.2998,
				"detiling_legacy":0.2998,
				"detiling":3.333,
				"rotation":0.5,
				"blend":{
					"min":0.2669,
					"max":0.933,
					"scale":0.195}
				}
			}
		,
		{
			"name":"CrackedLava",
			"base_color":[
				232,
				156,
				74]
			,
			"shift":0.1,
			"texture":{
				"tiling":0.28,
				"detiling_legacy":0.2998,
				"detiling":3.333,
				"rotation":0.5,
				"blend":{
					"min":-0.067,
					"max":0.85,
					"scale":0.2148}
				}
			}
		,
		{
			"name":"Asphalt",
			"base_color":[
				115,
				123,
				107]
			,
			"texture_top":{
				"tiling":0.25,
				"detiling_legacy":0.23,
				"detiling":4.3478,
				"blend":{
					"min":0.3,
					"max":1.0326,
					"scale":0.24}
				}
			,
			"texture_side":{
				"tiling":0.2,
				"detiling_legacy":0.9,
				"detiling":1.1108,
				"blend":{
					"min":-0.017,
					"max":0.967,
					"scale":0.1096}
				}
			}
		,
		{
			"name":"Cobblestone",
			"base_color":[
				132,
				123,
				90]
			,
			"quantize":0.1499,
			"type":"hardsoft",
			"texture_top":{
				"tiling":0.23,
				"detiling_legacy":0.25,
				"detiling":4,
				"blend":{
					"min":0.133,
					"max":1.167,
					"scale":0.2597}
				}
			,
			"texture_side":{
				"tiling":0.2,
				"detiling_legacy":0.9,
				"detiling":1.1108,
				"blend":{
					"min":-0.1,
					"max":0.5669,
					"scale":0.1998}
				}
			}
		,
		{
			"name":"Ice",
			"base_color":[
				129,
				194,
				224]
			,
			"shift":0.1499,
			"texture_top":{
				"tiling":0.25,
				"detiling_legacy":0.25,
				"detiling":4,
				"rotation":0.1}
			,
			"texture_side":{
				"tiling":0.25,
				"detiling_legacy":0.25,
				"detiling":4}
			,
			"blend":{
				"min":0,
				"max":1,
				"scale":0.1}
			}
		,
		{
			"name":"LeafyGrass",
			"base_color":[
				115,
				132,
				74]
			,
			"texture_top":{
				"tiling":0.25,
				"detiling_legacy":0.33,
				"detiling":3.0299,
				"rotation":1,
				"blend":{
					"min":0.017,
					"max":0.767,
					"scale":0.2898}
				}
			,
			"texture_side":{
				"tiling":0.25,
				"detiling_legacy":0.25,
				"detiling":4,
				"blend":{
					"min":0.133,
					"max":0.75,
					"scale":0.1902}
				}
			}
		,
		{
			"name":"Salt",
			"base_color":[
				198,
				189,
				181]
			,
			"texture_top":{
				"tiling":0.23,
				"detiling_legacy":0.55,
				"detiling":1.818,
				"blend":{
					"min":0.1668,
					"max":1,
					"scale":0.3251}
				}
			,
			"texture_side":{
				"tiling":0.2,
				"detiling_legacy":0.9,
				"detiling":1.1108,
				"blend":{
					"min":-0.067,
					"max":0.9168,
					"scale":0.2597}
				}
			}
		,
		{
			"name":"Limestone",
			"base_color":[
				206,
				173,
				148]
			,
			"texture_top":{
				"tiling":0.25,
				"detiling_legacy":0.55,
				"detiling":1.818,
				"rotation":0.1,
				"blend":{
					"min":0.1668,
					"max":0.9168,
					"scale":0.3498}
				}
			,
			"texture_side":{
				"tiling":0.25,
				"detiling_legacy":0.5,
				"detiling":2,
				"blend":{
					"min":0,
					"max":0.967,
					"scale":0.135}
				}
			}
		,
		{
			"name":"Pavement",
			"base_color":[
				148,
				148,
				140]
			,
			"quantize":0.25,
			"type":"hardsoft",
			"texture_top":{
				"tiling":0.46,
				"detiling_legacy":0.25,
				"detiling":4,
				"blend":{
					"min":0.2169,
					"max":0.9829,
					"scale":0.12}
				}
			,
			"texture_side":{
				"tiling":0.46,
				"detiling_legacy":0.25,
				"detiling":4,
				"blend":{
					"min":-0.133,
					"max":1.067,
					"scale":0.1152}
				}
			}
		]
	}
